,id
0,KR_5547688621
1,KR_5547634512
2,KR_5364387813
3,KR_5360355541
4,KR_5546672132
5,KR_5546455520
6,KR_5549890925
7,KR_5549756275
8,KR_5492078456
9,KR_5480129465
10,KR_5548936123
11,KR_5548911357
12,KR_5545964818
13,KR_5542659250
14,KR_5390482516
15,KR_5390435408
16,KR_5452248127
17,KR_5452244662
18,KR_5551441390
19,KR_5551367625
20,KR_5528068654
21,KR_5528019424
22,KR_5537540559
23,KR_5503330641
24,KR_5483607949
25,KR_5457600097
26,KR_5083422469
27,KR_5083392042
28,KR_5524437377
29,KR_5512269002
30,KR_5550641031
31,KR_5550550184
32,KR_5503344352
33,KR_5499167703
34,KR_5519037038
35,KR_5503373177
36,KR_4991886539
37,KR_4983268497
38,KR_4934350480
39,KR_4934222041
40,KR_5526883346
41,KR_5526758665
42,KR_5547027958
43,KR_5547033465
44,KR_5549974541
45,KR_5543798680
46,KR_5518501320
47,KR_5516008749
48,KR_5523140633
49,KR_5512555831
50,KR_5546721804
51,KR_5518488292
52,KR_5537863936
53,KR_5225447197
54,KR_5531929651
55,KR_5531995541
56,KR_5550313677
57,KR_5550266472
58,KR_5378545947
59,KR_5378541163
60,KR_5047805575
61,KR_5045728697
62,KR_5547372926
63,KR_5547219964
64,KR_4974596644
65,KR_4974622238
66,KR_5454453791
67,KR_5426273581
68,KR_5464609527
69,KR_5464554210
70,KR_5508354599
71,KR_5508361955
72,KR_5444201711
73,KR_5443447357
74,KR_5551104171
75,KR_5538460220
76,KR_5530687997
77,KR_5458542893
78,KR_5517802273
79,KR_5496053248
80,KR_5548543550
81,KR_5548464987
82,KR_5547146530
83,KR_5547134643
84,KR_5535266981
85,KR_5535283967
86,KR_5442213726
87,KR_5440372700
88,KR_5537602653
89,KR_5515095731
90,KR_5181607539
91,KR_5054162565
92,KR_5028238423
93,KR_5023268652
94,KR_5543561873
95,KR_5413033787
96,KR_5512199952
97,KR_5512175738
98,KR_5253417280
99,KR_5253432263
100,KR_5540733754
101,KR_5518617383
102,KR_5550527139
103,KR_5475572969
104,KR_5551241698
105,KR_5551038887
106,KR_5477483336
107,KR_5477426288
108,KR_5411185539
109,KR_5411194482
110,KR_5549807458
111,KR_5549109660
112,KR_4951023349
113,KR_4949828372
114,KR_5546051751
115,KR_5546006408
116,KR_5090596944
117,KR_5051904319
118,KR_5452397651
119,KR_5452382771
120,KR_5476644538
121,KR_5474408042
122,KR_4942789047
123,KR_4940949820
124,KR_4956023709
125,KR_4955942441
126,KR_5548644558
127,KR_5548568221
128,KR_5106823612
129,KR_5106706924
130,KR_5281412421
131,KR_5281359504
132,KR_5074061383
133,KR_5073369513
134,KR_5551103588
135,KR_5550777296
136,KR_5397579073
137,KR_5397488043
138,KR_5333067791
139,KR_5332832572
140,KR_5548771452
141,KR_5490801732
142,KR_4973359177
143,KR_4973179978
144,KR_5521678478
145,KR_5521585037
146,KR_5458372089
147,KR_5458216434
148,KR_5522332705
149,KR_5521766811
150,KR_5549912535
151,KR_5549794554
152,KR_5162953386
153,KR_5161653142
154,KR_5224462073
155,KR_5223166769
156,KR_5550754993
157,KR_5548782083
158,KR_5457014068
159,KR_5456546816
160,KR_5550724587
161,KR_5549905392
162,KR_5549218876
163,KR_5546282382
164,KR_5531559936
165,KR_5531582947
166,KR_5541966921
167,KR_5541941842
168,KR_5542513396
169,KR_5542462356
170,KR_5063407102
171,KR_5063316760
172,KR_5550119568
173,KR_5550134431
174,KR_5550667647
175,KR_5535085567
176,KR_5434568809
177,KR_5361503448
178,KR_5470971015
179,KR_5467071973
180,KR_5542743503
181,KR_5542599039
182,KR_5530566010
183,KR_5520052853
184,KR_5550216741
185,KR_5546161878
186,KR_5540649042
187,KR_5540656592
188,KR_5548732629
189,KR_5548199473
190,KR_5543367821
191,KR_5543340987
192,KR_5456085698
193,KR_5456020138
194,KR_5362777172
195,KR_5362735398
196,KR_5550165083
197,KR_5550058443
198,KR_5446255497
199,KR_5446167551
200,KR_5550234365
201,KR_5550167196
202,KR_5537448770
203,KR_5537402317
204,KR_5536144854
205,KR_5534519514
206,KR_5511247556
207,KR_5510410117
208,KR_5528246995
209,KR_5528280458
210,KR_5085568362
211,KR_5062712116
212,KR_5498685494
213,KR_5434288641
214,KR_5137344673
215,KR_5137245595
216,KR_5547097475
217,KR_5538463627
218,KR_5551043523
219,KR_5550622622
220,KR_5527231744
221,KR_5525589569
222,KR_5264746011
223,KR_5264609677
224,KR_5520966878
225,KR_5520817433
226,KR_5547867190
227,KR_5545488048
228,KR_5549894882
229,KR_5549054061
230,KR_5099643014
231,KR_5099642138
232,KR_5423951221
233,KR_5423875188
234,KR_5549772879
235,KR_5549486506
236,KR_5154673879
237,KR_5154579929
238,KR_4912111947
239,KR_4912160478
240,KR_5341497666
241,KR_5341459212
242,KR_5491743367
243,KR_5489923456
244,KR_5349082967
245,KR_5349004644
246,KR_5528257915
247,KR_5528260700
248,KR_5551397672
249,KR_5551405006
250,KR_5110642216
251,KR_5093167856
252,KR_5439661995
253,KR_5427657584
254,KR_5402993030
255,KR_5402980374
256,KR_5547281972
257,KR_5547290573
258,KR_5547847800
259,KR_5547843299
260,KR_5377051805
261,KR_5376963669
262,KR_5551468237
263,KR_5551456908
264,KR_5296680751
265,KR_5296516649
266,KR_5439936475
267,KR_5439893225
268,KR_5541119951
269,KR_5541067899
270,KR_5192820579
271,KR_5192541506
272,KR_5547657469
273,KR_5547682694
274,KR_4927952294
275,KR_4927704242
276,KR_5471061669
277,KR_5470907722
278,KR_5549462063
279,KR_5527404119
280,KR_5319946257
281,KR_5290584303
282,KR_5551406286
283,KR_5551443873
284,KR_5551445359
285,KR_5547806979
286,KR_5531926734
287,KR_5527847707
288,KR_5503455662
289,KR_5503319801
290,KR_5345226341
291,KR_5345220296
292,KR_5547548836
293,KR_5537881763
294,KR_5527362765
295,KR_5517294690
296,KR_5512788587
297,KR_5512871293
298,KR_5115230914
299,KR_5074130472
300,KR_5551242635
301,KR_5551087260
302,KR_5548947719
303,KR_5548911971
304,KR_5130299945
305,KR_5124067185
306,KR_5551455446
307,KR_5551374192
308,KR_5376692596
309,KR_5376608049
310,KR_5551562206
311,KR_5547942165
312,KR_5545433181
313,KR_5545259499
314,KR_5550371211
315,KR_5550191762
316,KR_5512265690
317,KR_5512098409
318,KR_5519155708
319,KR_5339240951
320,KR_5540040508
321,KR_5539922052
322,KR_5483396240
323,KR_5483363559
324,KR_5367582487
325,KR_5367498465
326,KR_5488151755
327,KR_5487955208
328,KR_5551263047
329,KR_5551087248
330,KR_5490355027
331,KR_5419414534
332,KR_5506540586
333,KR_5506404355
334,KR_5273476207
335,KR_5273445341
336,KR_5496335513
337,KR_5496351045
338,KR_5545603193
339,KR_5545552645
340,KR_5551491630
341,KR_5551510267
342,KR_5551106110
343,KR_5550758862
344,KR_5330035962
345,KR_5329958313
346,KR_5524482378
347,KR_5512425550
348,KR_5551352928
349,KR_5551228690
350,KR_5549468050
351,KR_5429464150
352,KR_5550741186
353,KR_5550217420
354,KR_5545975480
355,KR_5545322619
356,KR_5551095540
357,KR_5550721235
358,KR_5467591130
359,KR_5467499310
360,KR_5229239759
361,KR_5228887716
362,KR_5549991363
363,KR_5549266917
364,KR_5521057001
365,KR_5521030418
366,KR_5550154925
367,KR_5548540885
368,KR_5103925606
369,KR_5103961805
370,KR_5509844587
371,KR_5509853223
372,KR_5526748340
373,KR_5526831180
374,KR_5543536163
375,KR_5543592049
376,KR_5545332784
377,KR_5544987038
378,KR_5524417144
379,KR_5516862645
380,KR_5533365381
381,KR_5533371529
382,KR_5550129593
383,KR_5546425842
384,KR_5549420432
385,KR_5549353060
386,KR_5364311612
387,KR_5364205302
388,KR_5508171641
389,KR_5508065661
390,KR_5511241984
391,KR_5511108075
392,KR_5535308519
393,KR_5483531025
394,KR_5505023563
395,KR_5501579899
396,KR_5533367924
397,KR_5532182748
398,KR_5548992552
399,KR_5548919706
400,KR_5406394188
401,KR_5396960422
402,KR_5548956076
403,KR_5545476073
404,KR_5548835791
405,KR_5548783476
406,KR_5525501435
407,KR_5525325674
408,KR_5380184250
409,KR_5380122369
410,KR_5215233551
411,KR_5215099754
412,KR_5529673308
413,KR_5419318173
414,KR_5087896096
415,KR_5047742891
416,KR_5516341871
417,KR_5489941169
418,KR_5548927087
419,KR_5548973492
420,KR_5545663986
421,KR_5545681773
422,KR_5436868058
423,KR_5436783892
424,KR_5537339108
425,KR_5537353262
426,KR_5532347569
427,KR_5511416380
428,KR_5550831095
429,KR_5550394558
430,KR_5547522828
431,KR_5547498529
432,KR_5371340699
433,KR_5369935827
434,KR_5551175813
435,KR_5551098468
436,KR_5529793907
437,KR_5529721626
438,KR_5493182600
439,KR_5493104271
440,KR_5542022774
441,KR_5541886440
442,KR_5522525937
443,KR_5522540735
444,KR_5508099605
445,KR_5508140711
446,KR_5515142282
447,KR_5508635797
448,KR_5549338602
449,KR_5544199533
450,KR_5512323245
451,KR_5510635841
452,KR_5176255587
453,KR_5176065842
454,KR_5537818181
455,KR_5448753291
456,KR_5551455959
457,KR_5551339963
458,KR_5494409817
459,KR_5494404503
460,KR_5143179270
461,KR_5142035530
462,KR_5527278693
463,KR_5527254525
464,KR_5475039108
465,KR_5474963396
466,KR_5474192014
467,KR_5307317623
468,KR_5548154391
469,KR_5547937092
470,KR_5174025015
471,KR_5173856030
472,KR_5547198183
473,KR_5547127433
474,KR_5550307576
475,KR_5550291112
476,KR_5527361077
477,KR_5493306199
478,KR_5379501686
479,KR_5379283935
480,KR_5548923552
481,KR_5541353713
482,KR_5522105513
483,KR_5522131575
484,KR_5537816923
485,KR_5537627422
486,KR_5064294555
487,KR_5032593211
488,KR_5551396992
489,KR_5549170371
490,KR_5547732541
491,KR_5544455056
492,KR_5231601848
493,KR_5231525858
494,KR_5537357948
495,KR_5447699614
496,KR_5229478661
497,KR_5229324202
498,KR_5412364099
499,KR_5392143958
500,KR_5551368806
501,KR_5548929086
502,KR_5292859801
503,KR_5292843075
504,KR_5500871810
505,KR_5500774588
506,KR_5522488452
507,KR_5522436327
508,KR_5551170064
509,KR_5551033521
510,KR_5513946277
511,KR_5513889337
512,KR_5549078522
513,KR_5543428742
514,KR_5550511793
515,KR_5550384619
516,KR_5548436444
517,KR_5548238315
518,KR_5549091203
519,KR_5549079655
520,KR_5496987776
521,KR_5497014301
522,KR_5550620988
523,KR_5527200489
524,KR_5531156198
525,KR_5531170344
526,KR_5528583364
527,KR_5528438677
528,KR_5550141525
529,KR_5550046497
530,KR_5551256654
531,KR_5551220404
532,KR_5551295288
533,KR_5549927547
534,KR_5403181740
535,KR_5402979330
536,KR_5465285985
537,KR_5465314570
538,KR_5497399855
539,KR_5448744859
540,KR_5444594629
541,KR_5441344990
542,KR_5550512440
543,KR_5550466808
544,KR_5551302423
545,KR_5551197774
546,KR_5305444441
547,KR_5305317644
548,KR_5547659702
549,KR_5547694380
550,KR_5545562848
551,KR_5545521891
552,KR_5521794859
553,KR_5521794717
554,KR_5528399657
555,KR_5514520027
556,KR_5338793237
557,KR_5301340501
558,KR_5462385007
559,KR_5462298249
560,KR_5443593092
561,KR_5443523138
562,KR_5551255703
563,KR_5551097358
564,KR_5004171451
565,KR_5004153871
566,KR_5550326930
567,KR_5550229754
568,KR_5428857580
569,KR_5428902827
570,KR_5391160493
571,KR_5390816005
572,KR_5465132577
573,KR_5465007577
574,KR_5325825095
575,KR_5325850832
576,KR_5549311220
577,KR_5549286449
578,KR_5308934473
579,KR_5293181863
580,KR_5549007763
581,KR_5548233810
582,KR_5435750957
583,KR_5304413299
584,KR_5547913691
585,KR_5547874446
586,KR_5531286934
587,KR_5531330075
588,KR_5544594186
589,KR_5505982207
590,KR_5239901684
591,KR_5239868514
592,KR_5549078749
593,KR_5547179316
594,KR_5551460492
595,KR_5551274119
596,KR_5544633172
597,KR_5446878619
598,KR_5485129100
599,KR_5485156138
600,KR_5540801872
601,KR_5540780690
602,KR_5534847067
603,KR_5534784847
604,KR_5243264351
605,KR_5243180815
606,KR_5517430020
607,KR_5517319124
608,KR_5544263082
609,KR_5544189408
610,KR_5378966005
611,KR_5376015657
612,KR_5542125583
613,KR_5541767047
614,KR_5259819111
615,KR_4957613468
616,KR_5539933594
617,KR_5502140061
618,KR_5548453066
619,KR_5546384888
620,KR_5550020015
621,KR_5546703473
622,KR_5543007150
623,KR_5541213929
624,KR_5547627596
625,KR_5547622929
626,KR_5524906834
627,KR_5524384942
628,KR_5547946531
629,KR_5547952645
630,KR_5545503486
631,KR_5545230920
632,KR_5543242872
633,KR_5527273273
634,KR_5108258806
635,KR_5108280760
636,KR_5544990664
637,KR_5543510913
638,KR_5550631410
639,KR_5550481040
640,KR_5544435199
641,KR_5508478753
642,KR_5099307894
643,KR_5099272996
644,KR_5545853833
645,KR_5545891083
646,KR_5530780456
647,KR_5530638335
648,KR_5550777985
649,KR_5550648874
650,KR_5545836887
651,KR_5545842935
652,KR_5292040873
653,KR_5291927960
654,KR_5547751731
655,KR_5547684495
656,KR_5550423170
657,KR_5550355577
658,KR_5170567506
659,KR_5088506306
660,KR_5172657932
661,KR_5172712411
662,KR_5544346053
663,KR_5544371756
664,KR_5544618931
665,KR_5544532774
666,KR_5551252569
667,KR_5551038384
668,KR_5529184265
669,KR_5529211084
670,KR_5550336017
671,KR_5544871813
672,KR_5546667905
673,KR_5546720281
674,KR_5515080103
675,KR_5508295710
676,KR_5513970310
677,KR_5473096337
678,KR_5543434247
679,KR_5543385962
680,KR_5465596686
681,KR_5464487642
682,KR_5452230336
683,KR_5450886632
684,KR_5514108443
685,KR_5083327255
686,KR_5543528348
687,KR_5517205228
688,KR_5550226008
689,KR_5549998972
690,KR_5116641181
691,KR_5114122600
692,KR_5056735888
693,KR_5054680742
694,KR_5538819641
695,KR_5538866671
696,KR_5385747879
697,KR_5295710923
698,KR_5495700007
699,KR_5493699214
700,KR_5414123301
701,KR_5283970354
702,KR_5528780690
703,KR_5350415762
704,KR_5145048804
705,KR_5136228671
706,KR_5550108190
707,KR_5548964700
708,KR_5478261717
709,KR_5478093224
710,KR_5427539929
711,KR_5427536376
712,KR_5269858393
713,KR_5269737642
714,KR_5547445340
715,KR_5509695581
716,KR_5550107639
717,KR_5542463783
718,KR_5508486549
719,KR_5507601708
720,KR_5428875864
721,KR_5380430150
722,KR_5549466132
723,KR_5549299974
724,KR_5491263716
725,KR_5491145207
726,KR_5537586261
727,KR_5537611357
728,KR_5551241466
729,KR_5548835925
730,KR_5285218845
731,KR_5285185143
732,KR_5538474424
733,KR_5538510816
734,KR_5448693667
735,KR_5448636922
736,KR_5546664416
737,KR_5546660676
738,KR_5113307791
739,KR_5113312485
740,KR_5434114316
741,KR_5300958316
742,KR_5494597704
743,KR_5494515045
744,KR_5486726244
745,KR_5454701991
746,KR_5511882210
747,KR_5251009892
748,KR_5430996502
749,KR_5430963201
750,KR_5550610909
751,KR_5550572082
752,KR_5550000416
753,KR_5549925100
754,KR_5550613724
755,KR_5550492446
756,KR_5334150808
757,KR_5218607317
758,KR_5149246671
759,KR_5149194813
760,KR_5550089059
761,KR_5550113172
762,KR_5551241532
763,KR_5551124497
764,KR_5546670529
765,KR_5546431732
766,KR_5174146589
767,KR_5121407371
768,KR_5541331682
769,KR_5541226543
770,KR_5529979363
771,KR_5529584187
772,KR_5240339341
773,KR_5240385512
774,KR_5521615722
775,KR_5521661971
776,KR_5551362225
777,KR_5551257524
778,KR_5348138100
779,KR_5347939211
780,KR_5550458989
781,KR_5550442135
782,KR_5432789761
783,KR_5432803405
784,KR_5547506832
785,KR_5547583646
786,KR_5541964084
787,KR_5541886292
788,KR_5548703089
789,KR_5548624415
790,KR_5550611086
791,KR_5550536765
792,KR_5386775171
793,KR_5350818095
794,KR_5549024025
795,KR_5549012076
796,KR_5454721131
797,KR_5454637515
798,KR_5517858307
799,KR_5517884611
800,KR_5550274348
801,KR_5550190459
802,KR_5084105170
803,KR_5084121042
804,KR_5546509743
805,KR_5546493791
806,KR_5533469569
807,KR_5533439135
808,KR_5490082191
809,KR_5480017574
810,KR_5548947000
811,KR_5548931733
812,KR_5540575483
813,KR_5540528948
814,KR_5549975951
815,KR_5549768692
816,KR_4978116801
817,KR_4949690580
818,KR_5547787671
819,KR_5547735095
820,KR_5544772331
821,KR_5531250041
822,KR_5157659770
823,KR_5122861741
824,KR_5550647174
825,KR_5550515386
826,KR_5542441406
827,KR_5542416675
828,KR_5540489700
829,KR_5539124632
830,KR_5529464617
831,KR_5527955819
832,KR_5551540287
833,KR_5551468975
834,KR_5411889694
835,KR_4989144908
836,KR_5489198467
837,KR_5489195168
838,KR_5544555237
839,KR_5544540849
840,KR_5492867206
841,KR_5492861372
842,KR_5533672424
843,KR_5532156972
844,KR_5517495155
845,KR_5316100222
846,KR_5551440959
847,KR_5551346332
848,KR_5542819782
849,KR_5529863274
850,KR_5466822512
851,KR_5466506517
852,KR_5309552081
853,KR_5309485919
854,KR_5483436407
855,KR_5483339724
856,KR_5542712019
857,KR_5542646992
858,KR_5505718842
859,KR_5505711167
860,KR_5471705463
861,KR_5471741467
862,KR_5547734065
863,KR_5547689323
864,KR_5547806685
865,KR_5547891356
866,KR_5546476228
867,KR_5546470143
868,KR_4934838815
869,KR_4928630583
870,KR_5362521352
871,KR_5362286191
872,KR_5471710302
873,KR_5471554821
874,KR_5535175533
875,KR_5535163961
876,KR_5371703646
877,KR_5369882821
878,KR_5544457418
879,KR_5544444556
880,KR_5396373047
881,KR_5385702554
882,KR_5549763130
883,KR_5549407538
884,KR_5548390843
885,KR_5548204530
886,KR_5546705489
887,KR_5546700102
888,KR_5526836867
889,KR_5509882783
890,KR_5403174910
891,KR_5403080961
892,KR_5544899662
893,KR_5454254833
894,KR_5547341393
895,KR_5547057470
896,KR_5524912001
897,KR_5442675455
898,KR_5548960098
899,KR_5548809173
900,KR_5545013861
901,KR_5512275720
902,KR_4962408262
903,KR_4956880244
904,KR_5428156659
905,KR_5418514088
906,KR_5550282365
907,KR_5550223967
908,KR_5550117425
909,KR_5550151512
910,KR_5550086592
911,KR_5549999866
912,KR_5546962411
913,KR_5546674943
914,KR_5488573699
915,KR_5488550466
916,KR_5352283010
917,KR_5352207656
918,KR_5542142111
919,KR_5542068388
920,KR_5438853744
921,KR_5437344597
922,KR_5551453635
923,KR_5551382580
924,KR_5518242434
925,KR_5518023425
926,KR_5532416242
927,KR_5532399944
928,KR_5536845317
929,KR_5536872640
930,KR_5544698385
931,KR_5540764455
932,KR_5539905710
933,KR_5537770763
934,KR_5306036607
935,KR_5306044741
936,KR_5547470794
937,KR_5545902603
938,KR_5489355835
939,KR_5489296637
940,KR_5551114074
941,KR_5550807054
942,KR_5512718570
943,KR_5501150842
944,KR_5547470004
945,KR_5309371241
946,KR_5539568675
947,KR_5539610757
948,KR_5550630790
949,KR_5527612271
950,KR_5510694424
951,KR_5510447624
952,KR_5512543662
953,KR_5447699130
954,KR_5544506616
955,KR_5544462793
956,KR_5549999389
957,KR_5550003640
958,KR_5467797337
959,KR_5460815408
960,KR_5551407528
961,KR_5551414737
962,KR_5415303957
963,KR_5385571188
964,KR_5550823103
965,KR_5550596928
966,KR_5545891935
967,KR_5545769879
968,KR_5544302248
969,KR_5542999500
970,KR_5537507251
971,KR_5537500378
972,KR_5530793190
973,KR_5526269791
974,KR_5478818579
975,KR_5471066482
976,KR_5550601805
977,KR_5550534145
978,KR_5016452064
979,KR_5016381346
980,KR_5550134329
981,KR_5541950878
982,KR_5456240353
983,KR_5453885567
984,KR_5532279905
985,KR_5532287743
986,KR_5547348372
987,KR_5547305944
988,KR_5491156798
989,KR_5491150970
990,KR_5209265280
991,KR_5189175539
992,KR_5538393277
993,KR_5538259840
994,KR_4933686371
995,KR_4933549839
996,KR_5541705652
997,KR_5541720476
998,KR_5549197434
999,KR_5549212517
1000,KR_5551383120
1001,KR_5551319976
1002,KR_5548144088
1003,KR_5547996037
1004,KR_5545515870
1005,KR_5545564939
1006,KR_5364752217
1007,KR_5364616732
1008,KR_5233480043
1009,KR_5233441326
1010,KR_5544243810
1011,KR_5347795387
1012,KR_5173954756
1013,KR_5166786458
1014,KR_5518078581
1015,KR_5514785523
1016,KR_5443911563
1017,KR_5443828087
1018,KR_5308609320
1019,KR_5308590657
1020,KR_5540633375
1021,KR_5538428952
1022,KR_5482937507
1023,KR_5481931136
1024,KR_5544378645
1025,KR_5536983066
1026,KR_5008952256
1027,KR_5008826049
1028,KR_5547828025
1029,KR_5545347086
1030,KR_5064095721
1031,KR_5063918901
1032,KR_5314436144
1033,KR_5299504363
1034,KR_5541163174
1035,KR_5509814407
1036,KR_5531079515
1037,KR_5531104260
1038,KR_5551319655
1039,KR_5551294766
1040,KR_5533687306
1041,KR_5533675941
1042,KR_5532403183
1043,KR_5532377368
1044,KR_5542095267
1045,KR_5541985733
1046,KR_5407948958
1047,KR_5407899432
1048,KR_5153635170
1049,KR_5153594495
1050,KR_5534311285
1051,KR_5533082112
1052,KR_5302634592
1053,KR_5299498688
1054,KR_5549001226
1055,KR_5548899289
1056,KR_5005061956
1057,KR_5005080168
1058,KR_5524254403
1059,KR_5524171379
1060,KR_5551396978
1061,KR_5551402324
1062,KR_5480759688
1063,KR_5480786244
1064,KR_5534595561
1065,KR_5534506796
1066,KR_5549340514
1067,KR_5549236044
1068,KR_5551355370
1069,KR_5551340009
1070,KR_5253106858
1071,KR_5253083438
1072,KR_5506991718
1073,KR_5470701509
1074,KR_5543739037
1075,KR_5543736593
1076,KR_5550300614
1077,KR_5550272911
1078,KR_5539507870
1079,KR_5539472482
1080,KR_5550607099
1081,KR_5550504887
1082,KR_5475325627
1083,KR_5464059459
1084,KR_5470495484
1085,KR_5470550766
1086,KR_5303059883
1087,KR_5303044132
1088,KR_5550333525
1089,KR_5549880045
1090,KR_5551560728
1091,KR_5551500543
1092,KR_5547128348
1093,KR_5547165746
1094,KR_5547458187
1095,KR_5546157286
1096,KR_5374604186
1097,KR_5355969975
1098,KR_5394466464
1099,KR_5394445383
1100,KR_5549239772
1101,KR_5547376672
1102,KR_5537812589
1103,KR_5537589501
1104,KR_5418589485
1105,KR_5418600989
1106,KR_5549799251
1107,KR_5549696513
1108,KR_5532392593
1109,KR_5532259962
1110,KR_5537166298
1111,KR_5537220245
1112,KR_5516295695
1113,KR_5514423879
1114,KR_5548560708
1115,KR_5547986614
1116,KR_5550309837
1117,KR_5550371236
1118,KR_5545498839
1119,KR_5545466680
1120,KR_5549007478
1121,KR_5549075224
1122,KR_5550339878
1123,KR_5550332513
1124,KR_5551084459
1125,KR_5535963037
1126,KR_5516624587
1127,KR_5516486494
1128,KR_5550304164
1129,KR_5550228379
1130,KR_5551560745
1131,KR_5551490579
1132,KR_5491371847
1133,KR_5491297236
1134,KR_5548972779
1135,KR_5548886083
1136,KR_5254808986
1137,KR_5254767123
1138,KR_5513011211
1139,KR_5512895168
1140,KR_5546213722
1141,KR_5540934315
1142,KR_5296865100
1143,KR_5296852648
1144,KR_5003876882
1145,KR_4990678994
1146,KR_5258179987
1147,KR_5258125197
1148,KR_5543338919
1149,KR_5543363504
1150,KR_5380383535
1151,KR_5348129422
1152,KR_5550015895
1153,KR_5549980064
1154,KR_5548516041
1155,KR_5548397918
1156,KR_5550416121
1157,KR_5550400077
1158,KR_5525864278
1159,KR_5525796880
1160,KR_5464199128
1161,KR_5464194206
1162,KR_5550630933
1163,KR_5550500297
1164,KR_5550806061
1165,KR_5550711491
1166,KR_5513798095
1167,KR_5442364916
1168,KR_5516574612
1169,KR_5515121894
1170,KR_5523235270
1171,KR_5496971292
1172,KR_5452242601
1173,KR_5179915863
1174,KR_5415038057
1175,KR_5413004360
1176,KR_5486053107
1177,KR_5454398358
1178,KR_5540516948
1179,KR_5540433963
1180,KR_5540437070
1181,KR_5526949427
1182,KR_5539116717
1183,KR_5539043597
1184,KR_5550143075
1185,KR_5549745474
1186,KR_4958106312
1187,KR_4958028552
1188,KR_5461814626
1189,KR_5461559221
1190,KR_5547956888
1191,KR_5547920987
1192,KR_5405424887
1193,KR_5405332562
1194,KR_5550367554
1195,KR_5550352924
1196,KR_5537056965
1197,KR_5537035326
1198,KR_5494589895
1199,KR_5494533894
1200,KR_5432767758
1201,KR_5432793406
1202,KR_5539528809
1203,KR_5539372283
1204,KR_5534504584
1205,KR_5534389248
1206,KR_5337425207
1207,KR_5317481269
1208,KR_5537041575
1209,KR_5536971461
1210,KR_5550643198
1211,KR_5550511279
1212,KR_5541844954
1213,KR_5540063476
1214,KR_5549795655
1215,KR_5549760490
1216,KR_5369954443
1217,KR_5369900276
1218,KR_5435386174
1219,KR_5434959037
1220,KR_5550053851
1221,KR_5549929587
1222,KR_5530742265
1223,KR_5524281717
1224,KR_5444193215
1225,KR_5434097361
1226,KR_5551319569
1227,KR_5549166808
1228,KR_5549934320
1229,KR_5549732152
1230,KR_5551347510
1231,KR_5550332798
1232,KR_5504345039
1233,KR_5502954578
1234,KR_5551193813
1235,KR_5551097227
1236,KR_5547817742
1237,KR_5547799982
1238,KR_5549262607
1239,KR_5496020251
1240,KR_5471564483
1241,KR_5471277207
1242,KR_5537514816
1243,KR_5457415016
1244,KR_5483517230
1245,KR_5483532440
1246,KR_5545558982
1247,KR_5260305106
1248,KR_5411070568
1249,KR_5411040194
1250,KR_4946943894
1251,KR_4946793828
1252,KR_5546289469
1253,KR_5514547127
1254,KR_5490122222
1255,KR_5489946440
1256,KR_5520544687
1257,KR_5520512838
1258,KR_5551522594
1259,KR_5551561244
1260,KR_5370440875
1261,KR_5370330215
1262,KR_5416213884
1263,KR_5416073636
1264,KR_5550589657
1265,KR_5548655194
1266,KR_5515288217
1267,KR_5515305301
1268,KR_5440012969
1269,KR_5117692679
1270,KR_5534288924
1271,KR_5534334317
1272,KR_5550599994
1273,KR_5550621093
1274,KR_5383107230
1275,KR_5226754514
1276,KR_5466975924
1277,KR_5466812090
1278,KR_5537335532
1279,KR_5537262377
1280,KR_5550020974
1281,KR_5549973315
1282,KR_5529833340
1283,KR_5527253199
1284,KR_5545918294
1285,KR_5545925750
1286,KR_5542825135
1287,KR_5542484822
1288,KR_5544186392
1289,KR_5543937204
1290,KR_5136157332
1291,KR_5136018353
1292,KR_5420290210
1293,KR_5420194987
1294,KR_5522899971
1295,KR_5327624370
1296,KR_5540618907
1297,KR_5540604670
1298,KR_5476461048
1299,KR_5474200260
1300,KR_5522443195
1301,KR_5522347546
1302,KR_5541785156
1303,KR_5539473137
1304,KR_5550292876
1305,KR_5550223429
1306,KR_5549709965
1307,KR_5549732517
1308,KR_5549482811
1309,KR_5549378778
1310,KR_5548826580
1311,KR_5548708720
1312,KR_5505772228
1313,KR_5505636975
1314,KR_5457279107
1315,KR_5433599113
1316,KR_4945487642
1317,KR_4945510764
1318,KR_5525388537
1319,KR_5523453207
1320,KR_5547947743
1321,KR_5544807438
1322,KR_5550129199
1323,KR_5550103823
1324,KR_5550603913
1325,KR_5550548703
1326,KR_5526002636
1327,KR_5490438922
1328,KR_5516808866
1329,KR_5516821528
1330,KR_5492382148
1331,KR_5489036376
1332,KR_5210342880
1333,KR_5150809215
1334,KR_5549162060
1335,KR_5549141089
1336,KR_5547078400
1337,KR_5545236024
1338,KR_5504558320
1339,KR_5500020257
1340,KR_5549325960
1341,KR_5549080240
1342,KR_5548786410
1343,KR_5548669169
1344,KR_5395629265
1345,KR_5394623451
1346,KR_5404711368
1347,KR_5357539519
1348,KR_5467322222
1349,KR_5467243864
1350,KR_5271792591
1351,KR_5271587169
1352,KR_5485389326
1353,KR_5485406940
1354,KR_5535805509
1355,KR_5535759151
1356,KR_5461903966
1357,KR_5461758682
1358,KR_5439642088
1359,KR_5438922918
1360,KR_5465117802
1361,KR_5465114282
1362,KR_5545952303
1363,KR_5545339610
1364,KR_5121559621
1365,KR_5121557782
1366,KR_5551189647
1367,KR_5551205428
1368,KR_5547380203
1369,KR_5544630006
1370,KR_5508151087
1371,KR_5507928476
1372,KR_5328311932
1373,KR_5321721000
1374,KR_5547918057
1375,KR_5547829903
1376,KR_5492969421
1377,KR_5492943684
1378,KR_5550054817
1379,KR_5549888223
1380,KR_5543552450
1381,KR_5542139812
1382,KR_5549936433
1383,KR_5549728712
1384,KR_5485193854
1385,KR_5426743989
1386,KR_5148529573
1387,KR_5056487219
1388,KR_5421374364
1389,KR_5375287324
1390,KR_5550669787
1391,KR_5548744256
1392,KR_5491830874
1393,KR_5491756469
1394,KR_5549720088
1395,KR_5549483059
1396,KR_5551561742
1397,KR_5551511243
1398,KR_5481021313
1399,KR_5457252045
1400,KR_5338770097
1401,KR_5338626501
1402,KR_5549302345
1403,KR_5549256667
1404,KR_5548762099
1405,KR_5538818451
1406,KR_4967957793
1407,KR_4967811573
1408,KR_5539929168
1409,KR_5539892270
1410,KR_5543513171
1411,KR_5543506016
1412,KR_5047225704
1413,KR_5047173831
1414,KR_5063966330
1415,KR_5064010122
1416,KR_5537533657
1417,KR_5534543093
1418,KR_5541535406
1419,KR_5537432960
1420,KR_5550308117
1421,KR_5550245891
1422,KR_5540347540
1423,KR_5540283058
1424,KR_5502716587
1425,KR_5502712873
1426,KR_5246639747
1427,KR_5246398197
1428,KR_5535754146
1429,KR_5535731126
1430,KR_5547832849
1431,KR_5543192613
1432,KR_5541225886
1433,KR_5541222753
1434,KR_5541547245
1435,KR_5533517243
1436,KR_5438097062
1437,KR_5437908876
1438,KR_5541898956
1439,KR_5541863526
1440,KR_5397708389
1441,KR_5397694276
1442,KR_5548549582
1443,KR_5548504364
1444,KR_5465846878
1445,KR_5465871616
1446,KR_5297650542
1447,KR_5297525762
1448,KR_5480265830
1449,KR_5458351977
1450,KR_5529578633
1451,KR_5529584920
1452,KR_5549709851
1453,KR_5548425586
1454,KR_5550769916
1455,KR_5550743463
1456,KR_5148524210
1457,KR_5148424852
1458,KR_5535936439
1459,KR_5531263835
1460,KR_5256671557
1461,KR_5256611463
1462,KR_5516810689
1463,KR_5516603755
1464,KR_5471931088
1465,KR_5471839604
1466,KR_5377311076
1467,KR_5377255436
1468,KR_5549023158
1469,KR_5548989514
1470,KR_5294854758
1471,KR_5193119004
1472,KR_5551221059
1473,KR_5551122047
1474,KR_5550113210
1475,KR_5549988692
1476,KR_5547760380
1477,KR_5547655784
1478,KR_5539772950
1479,KR_5539716521
1480,KR_5550117454
1481,KR_5550102993
1482,KR_5548136521
1483,KR_5547938865
1484,KR_5546500004
1485,KR_5541929407
1486,KR_5122360073
1487,KR_5122047970
1488,KR_5539577483
1489,KR_5539544134
1490,KR_5148676618
1491,KR_5115610279
1492,KR_5522516522
1493,KR_5519917007
1494,KR_5548494130
1495,KR_5548468351
1496,KR_5463615738
1497,KR_5214291411
1498,KR_5491253969
1499,KR_5491185708
1500,KR_5482624977
1501,KR_5407440925
1502,KR_5551333999
1503,KR_5551238317
